1-001,E85B5B76E5C7,Windows,,1-021,E85B5B76E48C,Windows,,1-041,E85B5B76E3C9,Windows,,3-001,E85B5B76E7AD,Windows,,Eckles,
1-002,E85B5B76E74A,Windows,,1-022,E85B5B76E5EF,Windows,,1-042,E85B5B76E391,Windows,,3-002,E85B5B76E4A9,Windows,,1-001,E85B5B76E257
1-003,E85B5B76E6E6,Windows,,1-023,E85B5B76E360,Windows,,1-043,E85B5B77BF7E,Windows,,3-003,E85B5B76E2A3,Windows,,1-002,E85B5B76E358
1-004,E85B5B76E4B8,Windows,,1-024,E85B5B76E52B,Windows,,1-044,E85B5B76E824,Windows,,3-004,E85B5B76E4C7,Windows,,1-003,E85B5B76E2FB
1-005,E85B5B76E400,Windows,,1-025,E85B5B76E46E,Windows,,1-045,E85B5B76E3CE,Windows,,3-005,E85B5B76E228,Windows,,1-004,E85B5B76E812
1-006,E85B5B76E2E9,Windows,,1-026,E85B5B76E7C1,Windows,,1-046,E85B5B76E2CE,Windows,,3-006,E85B5B77C097,Windows,,1-005,E85B5B76E3DC
1-007,E85B5B76E7A7,Windows,,1-027,CC2D8C0E2618,Windows,,1-047,E85B5B76E2AF,Windows,,3-007,CC2D8C0E261A,Windows,,1-006,E85B5B76E24E
1-008,E85B5B76E814,Windows,,1-028,E85B5B76E34F,Windows,,1-048,E85B5B76E31F,Windows,,,,,,2-001,E85B5B76E7B1
1-009,E85B5B76E4EA,Windows,,1-029,E85B5B76E744,Windows,,1-049,E85B5B76E283,Windows,,4-001,E85B5B76E353,Windows,,,
1-010,E85B5B76E1FE,Windows,,1-030,E85B5B76E518,Windows,,1-050,E85B5B76E7A2,Windows,,,,,,VSTCL,
1-011,E85B5B76E515,Windows,,1-031,E85B5B76E7A5,Windows,,1-051,E85B5B76E1D7,Windows,,5-001,E85B5B76E44C,Windows,,1-001,e85b5b76e4af
1-012,E85B5B76E1FD,Windows,,1-032,E85B5B76E46B,Windows,,1-052,E85B5B76E7BE,Windows,,,,,,1-002,e85b5b76e7af
1-013,E85B5B76E8E4,Windows,,1-033,E85B5B76E3EA,Windows,,1-053,,Windows,,6-001,C041F65FFB00,Windows,,1-003,e85b5b76e53d
1-014,E85B5B76E4C8,Windows,,1-034,E85B5B76E7BC,Windows,,1-054,E85B5B76E31E,Windows,,6-002,E85B5B76E7A8,Windows,,1-004,e85b5b76e266
1-015,E85B5B76E701,Windows,,1-035,E85B5B76E3F8,Windows,,1-055,E85B5B76E3F0,Windows,,6-003,C041F65FFC29,Windows,,1-005,e85b5b76e3be
1-016,E85B5B76E44A,Windows,,1-036,E85B5B76E3E7,Windows,,1-056,E85B5B76E2B8,Windows,,6-004,C041F65FFB1B,Windows,,1-006,e85b5b76e4f8
1-017,E85B5B76E53B,Windows,,1-037,E85B5B76E2AE,Windows,,1-057,E85B5B76E325,Windows,,6-005,C041F65FF6E1,Windows,,1-007,e85b5b76e539
1-018,E85B5B76E344,Windows,,1-038,E85B5B76E2D8,Windows,,1-058,E85B5B76E4C6,Windows,,6-006,E85B5B76E2D1,Windows,,1-008,e85b5b76e44b
1-019,E85B5B77BF65,Windows,,1-039,E85B5B76E406,Windows,,,,,,6-007,E85B5B76E3E6,Windows,,1-009,e85b5b76e514
1-020,E85B5B76E411,Windows,,1-040,E85B5B76E5F5,Windows,,,,,,6-008,E85B5B76E703,Windows,,1-010,e85b5b76e463
,,,,,,,,,,,,6-009,E85B5B76E34A,Windows,,1-011,e85b5b77bf6c
E-001,CC2D8C0E090E,Windows,,E-021,E85B5B77BDC3,Windows,,E-041,gelm0lc008,Mac,,"7-001
",E85B5B76E1D5,Windows,,1-012,e85b5b76e5f4
E-002,E85B5B76E7C6,Windows,,E-022,E85B5B76E4E0,Windows,,E-042,gelm0lc011,Mac,,"7-002
",E85B5B76E2BF,Windows,,1-013,e85b5b76e588
E-003,E85B5B76E8DD,Windows,,E-023,E85B5B76E2D9,Windows,,E-043,gelm0lc010,Mac,,"7-003
",E85B5B76E3D9,Windows,,1-014,e85b5b76e2f7
E-004,E85B5B76E454,Windows,,E-024,E85B5B76E7BD,Windows,,E-044,gelm0lc012,Mac,,"7-004
",E85B5B76E458,Windows,,1-015,e85b5b76e335
E-005,E85B5B76E1BA,Windows,,E-025,E85B5B76E4EE,Windows,,E-045,gelm0lc007,Mac,,"7-005
",E85B5B77BF52,Windows,,1-016,e85b5b76e538
E-006,E85B5B76E5E9,Windows,,E-026,E85B5B76E447,Windows,,E-046,gelm0lc029,Mac,,7-006,E85B5B76E41E,Windows,,1-017,e85b5b76e2a4
E-007,E85B5B76E7C5,Windows,,E-027,E85B5B76E8C6,Windows,,E-047,gelm0lc025,Mac,,"7-007
",E85B5B76E316,Windows,,1-018,e85b5b76e372
E-008,E85B5B76E1B0,Windows,,E-028,E85B5B76E811,Windows,,E-048,gem0lc028,Mac,,7-008,CC2D8C0E2546,Windows,,1-019,e85b5b76e5e6
E-009,E85B5B76E1BB,Windows,,E-029,E85B5B76E563,Windows,,E-049,gelm0lc027,Mac,,7-009,E85B5B76E495,Windows,,1-020,e85b5b76e2c4
E-010,E85B5B76E20E,Windows,,E-030,E85B5B76E707,Windows,,E-050,gelm0lc030,Mac,,7-010,E85B5B76E6FD,Windows,,1-021,e85b5b76e36b
E-011,E85B5B76E4AE,Windows,,E-031,E85B5B743D99,Windows,,E-051,gelm0lc026,Mac,,7-011,E85B5B76E27F,Windows,,1-022,e85b5b76e58b
E-012,E85B5B76E497,Windows,,E-032,E85B5B743C28,Windows,,E-052,gelm0lc021,Mac,,,,,,1-023,e85b5b76e54f
E-013,E85B5B76E1EB,Windows,,E-033,E85B5B743D30,Windows,,E-053,gelm0lc020,Mac,,"E-L-001
",gelm0mm004,Mac,,1-024,e85b5b76e48b
E-014,E85B5B76E3FE,Windows,,E-034,gelm0lc001,Mac,,E-054,gelm0lc023,Mac,,"E-L-002
",gelm0mm010,Mac,,,
E-015,E85B5B76E5E7,Windows,,E-035,gelm0lc006,Mac,,E-055,gelm0lc024,Mac,,"E-L-003
",gelm0mm006,Mac,,,
E-016,E85B5B76E7BA,Windows,,E-036,gelm0lc004,Mac,,E-056,gelm0lc022,Mac,,E-L-004,gelm0mm009,Mac,,,
E-017,E85B5B76E5DB,Windows,,E-037,gelm0lc005,Mac,,E-057,gelm0lc019,Mac,,E-L-005,gelm0mm007,Mac,,,
E-018,E85B5B76E351,Windows,,E-038,gelm0lc003,Mac,,E-058,gelm0lc013,Mac,,E-L-006,gelm0mm013,Mac,,,
E-019,E85B5B76E31C,Windows,,E-039,gelm0lc002,Mac,,E-059,gelm0lc016,Mac,,E-L-007,gelm0mm005,Mac,,,
E-020,E85B5B76E5D8,Windows,,E-040,gelm0lc009,Mac,,E-060,gelm0lc018,Mac,,E-L-008,gelm0mm008,Mac,,,
,,,,,,,,E-061,gelm0lc015,Mac,,E-L-009,gelm0mm001,Mac,,,
,,,,,,,,E-062,gelm0lc017,Mac,,"E-L-010
",gelm0mm012,Mac,,,
,,,,,,,,E-063,gelm0lc014,Mac,,"E-L-011
",gelm0mm011,Mac,,,
,,,,,,,,,,,,E-L-012,gelm0mm002,Mac,,,